# User,Repository

Fresoquark,Anfaengerpraktikum
MagischeMiesmuschel,AnfaengerPraktikum
woklop9,Anfaengerpraktikum
LarsKolk,Anfaengerpraktikum
aknierim,AP
HelenaCarlArne,ProtokolleAP
dlmsr,praktikum
mwindau,praktikum
# Cl3V0r,APWS16-17
Jean1995,Praktikum
LuckyJosh,APPhysik
paul-stoerbrock,Praktikum
komrozik,AP2019
chrbeckm,anfaenger-praktikum
NicoJG,Anfaengerpraktikum
SamGTex,Physik_Praktikum_Samuel_Max
dagbjoern,AP-Physik
JLammering,Physikalisches-Praktikum
Renameus,PhysikPraktikum1
stefangri,s_s_productions
smjolame,Praktikum_1
SHilgers,Praktikum2
rleven,richard_joell_Praktikum
lassestern,praktikum-david-lasse
phlipo95,AP-Praktikum
pascalgutjahr,Praktikum-1
nsalewski,laboratory
smjhnits,Praktikum_TU_D_16-17 
dormail,ap 
Tahirbanane,AP 
BenediktSan,AnfaengerPraktikum2020 
NiklasD,AnfaengerPraktikum2020 
moritzbo,anfaenger_praktikum 
vsulaiman,Praktikum 
rkallo,APWS1718
chris-topher6,Anfaenger-Praktikum 
LiigaSoolane,Paktikum
Mampfzwerg,Praktikum
YanickKi,AP_T_Y
